train_loss,epoch,step
0.07639065384864807,49,49
0.0024958180729299784,99,99
0.0005926526500843465,149,149
0.00028445839416235685,199,199
0.0006647358532063663,249,249
0.00013106621918268502,299,299
0.00010251003550365567,349,349
0.0011352977016940713,399,399
